{
  "topic_coherence_cv": 0.5172588,
  "topic_diversity": 0.7384,
  "purity": 0.36511862688911534,
  "nmi": 0.32747009963271767,
  "PN": 0.3462943632609165
}