{
  "topic_coherence_cv": 0.425826,
  "topic_diversity": 0.8464,
  "purity": 0.5130764651025862,
  "nmi": 0.4323947745747992,
  "PN": 0.4727356198386927
}