{
  "topic_coherence_cv": 0.4258769999999999,
  "topic_diversity": 0.8896,
  "purity": 0.439925735481406,
  "nmi": 0.37486677496680215,
  "PN": 0.40739625522410405
}