{
  "topic_coherence_cv": 0.5185323333333333,
  "topic_diversity": 0.8266666666666667,
  "purity": 0.3754350179405967,
  "nmi": 0.35377359825353183,
  "PN": 0.36460430809706423
}