{
  "topic_coherence_cv": 0.44600140000000005,
  "topic_diversity": 0.292,
  "purity": 0.3912718166515316,
  "nmi": 0.34916921438526227,
  "PN": 0.37022051551839696
}