{
  "topic_coherence_cv": 0.34367799999999993,
  "topic_diversity": 0.9656,
  "purity": 0.1763193121663824,
  "nmi": 0.12277574280465267,
  "PN": 0.14954752748551753
}