{
  "topic_coherence_cv": 0.4922646666666667,
  "topic_diversity": 0.7822222222222223,
  "purity": 0.3932668024670166,
  "nmi": 0.3676303173559688,
  "PN": 0.38044855991149273
}