{
  "topic_coherence_cv": 0.47381039999999996,
  "topic_diversity": 0.6632,
  "purity": 0.4133908235324518,
  "nmi": 0.39760110455798964,
  "PN": 0.4054959640452207
}