{
  "topic_coherence_cv": 0.49983645161290324,
  "topic_diversity": 0.8206451612903226,
  "purity": 0.36991625414368723,
  "nmi": 0.36300475420196254,
  "PN": 0.3664605041728249
}