{
  "topic_coherence_cv": 0.5141544827586207,
  "topic_diversity": 0.84,
  "purity": 0.3752229308327243,
  "nmi": 0.3611222579092252,
  "PN": 0.3681725943709747
}