{
  "topic_coherence_cv": 0.47587599999999997,
  "topic_diversity": 0.872,
  "purity": 0.2602958283498342,
  "nmi": 0.302364880911866,
  "PN": 0.2813303546308501
}