{
  "topic_coherence_cv": 0.42990740000000005,
  "topic_diversity": 0.2536,
  "purity": 0.36681607358413254,
  "nmi": 0.352650119555291,
  "PN": 0.35973309656971175
}