{
  "topic_coherence_cv": 0.332134,
  "topic_diversity": 0.92,
  "purity": 0.061603143203614694,
  "nmi": 0.0,
  "PN": 0.030801571601807347
}