{
  "topic_coherence_cv": 0.4807028,
  "topic_diversity": 0.736,
  "purity": 0.4063432964092966,
  "nmi": 0.3751332442264004,
  "PN": 0.39073827031784847
}