{
  "topic_coherence_cv": 0.45580480000000007,
  "topic_diversity": 0.7472,
  "purity": 0.5090008684208583,
  "nmi": 0.44423965647446073,
  "PN": 0.47662026244765954
}