{
  "topic_coherence_cv": 0.473507,
  "topic_diversity": 0.7016,
  "purity": 0.41924954963934236,
  "nmi": 0.3966675423430722,
  "PN": 0.4079585459912073
}